{"coef": [[-0.004581032594909649, 2.641564803707228, 0.7804553929240653, 0.1497448563458412, -0.6419601132763224, -0.6188062033869038, 0.1919400732258077, -2.375072781041013, -0.87498388538085, -0.27638946963790073, 0.5043441331373041, 0.5034929195455113]], "intercept": [-0.005622212397240808], "scaler_mean": [10.4765059481775, 0.4187097577108542, 1.2973910919243585, 3.863293414309124, 7.581293460321035, 0.5057851239669422, 10.633328501082307, 0.4187449533375101, 1.3035362613646035, 3.837392764228993, 7.720691403213743], "scaler_scale": [12.09062498982028, 0.10543474791445975, 0.3071102089444332, 7.628743547155246, 9.108547015195807, 0.499966531220528, 12.107481571193508, 0.10619170230893435, 0.3128498315618318, 7.413481871724074, 9.007510488754571], "feature_order": ["const", "offense.totalPPA", "offense.successRate", "offense.explosiveness", "offense.rushingPlays.totalPPA", "offense.passingPlays.totalPPA", "home_indicator", "defense.totalPPA", "defense.successRate", "defense.explosiveness", "defense.rushingPlays.totalPPA", "defense.passingPlays.totalPPA"]}